-- phpMyAdmin SQL Dump
-- version 5.2.0
-- https://www.phpmyadmin.net/
--
-- Host: 127.0.0.1
-- Generation Time: Oct 08, 2023 at 08:27 PM
-- Server version: 10.4.25-MariaDB
-- PHP Version: 7.4.30

SET SQL_MODE = "NO_AUTO_VALUE_ON_ZERO";
START TRANSACTION;
SET time_zone = "+00:00";


/*!40101 SET @OLD_CHARACTER_SET_CLIENT=@@CHARACTER_SET_CLIENT */;
/*!40101 SET @OLD_CHARACTER_SET_RESULTS=@@CHARACTER_SET_RESULTS */;
/*!40101 SET @OLD_COLLATION_CONNECTION=@@COLLATION_CONNECTION */;
/*!40101 SET NAMES utf8mb4 */;

--
-- Database: `blood_bank`
--

-- --------------------------------------------------------

--
-- Table structure for table `donor`
--

CREATE TABLE `donor` (
  `dn_id` int(11) NOT NULL,
  `dn_username` varchar(30) NOT NULL,
  `dn_password` varchar(50) NOT NULL,
  `dn_name` varchar(60) NOT NULL,
  `dn_persernalid` varchar(13) NOT NULL,
  `dn_email` varchar(30) NOT NULL,
  `dn_gender` int(1) NOT NULL,
  `dn_birthdate` date NOT NULL,
  `dn_address` varchar(60) NOT NULL,
  `dn_phonenumber` varchar(10) NOT NULL,
  `dn_status` int(1) NOT NULL,
  `dn_occupation` int(11) NOT NULL,
  `wb_id` int(8) NOT NULL,
  `sb_id` int(8) NOT NULL
) ENGINE=InnoDB DEFAULT CHARSET=utf8;

--
-- Dumping data for table `donor`
--

INSERT INTO `donor` (`dn_id`, `dn_username`, `dn_password`, `dn_name`, `dn_persernalid`, `dn_email`, `dn_gender`, `dn_birthdate`, `dn_address`, `dn_phonenumber`, `dn_status`, `dn_occupation`, `wb_id`, `sb_id`) VALUES
(1, 'KJ', '81dc9bdb52d04dc20036dbd8313ed055', 'Phutip Kinjib1', '1929900823362', 'phutip.kj@gmail.com', 0, '2001-11-23', '33/1 xxxx xxxx xxxx xxx xxxxx', '0642431470', 1, 0, 2, 0),
(2, 'gg1', '81dc9bdb52d04dc20036dbd8313ed055', 'gg wp', '1252152315231', 'gg@gmail.com', 0, '2023-06-20', '33 xxx xxxxxx xxxxxxxxx  xxxxxx ', '0623152315', 1, 0, 0, 0),
(3, 'asdasd', '81dc9bdb52d04dc20036dbd8313ed055', 'eiei', '1231231231321', 'ddd@gmail.com', 1, '2023-05-30', 'xxxxx xxxxxxx xxxxxxxxx', '0213115231', 2, 0, 0, 0),
(4, 'gg', '81dc9bdb52d04dc20036dbd8313ed055', 'นายทดสอบ รอบที่ล้าน', '1925132546125', 'gg@gmail.com', 0, '2023-06-21', '33 xxxxx xxxxx ', '0624513254', 1, 0, 1, 1),
(5, 'test', '81dc9bdb52d04dc20036dbd8313ed055', 'Pt KJ', '1929900823xxx', 'ff@gmail.com', 0, '2023-06-20', '222222 xxxxxxxxx  xxxxxxxxxx xxxxx', '0642513210', 2, 0, 0, 0),
(6, 'tw1', '81dc9bdb52d04dc20036dbd8313ed055', 'wetew1', '1233232321233', 'dd@gmail.com', 0, '2023-08-16', 'asdasddd', '2345234523', 0, 0, 0, 0),
(17, 'xxx', '81dc9bdb52d04dc20036dbd8313ed055', 'xxxx', '192990082xxxx', 'dd@gmail.com', 1, '2023-09-12', '8/264 หมู่ 5 ถนน สวนตูลทางเข้า กศน ภาคใต้', '0642431470', 1, 0, 0, 0),
(102, 'kungfuu2344', '1a64b034ad7238f9773e57894efa346a', 'ภูธิป กินจิบ', '1234567891234', 'phutip.kj@gmail.com', 0, '2001-11-23', '8/264 หมู่ 5 ถนน สวนตูลทางเข้า กศน ภาคใต้', '0642431470', 2, 0, 0, 0),
(103, 'kungfuu222', '39cde55fa7fd15bda3a94087a509cc21', 'บุริศร์ ทองอยุ่คง', '1234567891234', 'phutip.kj@gmail.com', 0, '2000-11-23', '8/264 หมู่ 5 ถนน สวนตูลทางเข้า กศน ภาคใต้', '0642431470', 1, 0, 0, 0),
(104, 'ptkj2544', '1a64b034ad7238f9773e57894efa346a', 'test test', '1929900823362', 'dd@gmail.com', 0, '2008-07-01', '8/264 หมู่ 5 ถนน สวนตูลทางเข้า กศน ภาคใต้', '0642431470', 0, 0, 0, 0),
(105, 'KJ', '25d55ad283aa400af464c76d713c07ad', 'ภูธิป กินจิบ', '1929900823362', 'fookangkangfoo@gmail.com', 0, '2001-11-23', '8/264 หมู่ 5 ถนน สวนตูลทางเข้า กศน ภาคใต้', '0642431470', 0, 0, 2, 0),
(106, 'KJ', '1bbd886460827015e5d605ed44252251', 'fdddd', 'dddddd', 'dddddddddd@g', 0, '2023-10-06', 'dddddddd', 'dddddddddd', 0, 0, 2, 0),
(107, 'ดดด', '130714308cc6fe6e883615871d96a595', 'ดดดด', 'ๅๅๅ', 'ff@ff', 1, '2023-10-06', 'ๅๅๅ', 'ๅๅๅ', 2, 0, 3, 0),
(108, 'kj', '771f01104d905386a134a676167edccc', 'kj', 'kj', 'KJ@gmail.com', 0, '2023-10-06', 'kj', 'kj', 2, 0, 4, 0),
(109, 'zxczxcq2223qw', 'e0323a9039add2978bf5b49550572c7c', 'ccc', 'cc', 'cc@c', 0, '2023-10-25', 'cc', 'cc', 1, 0, 3, 0),
(110, 'gal1le0', '25d55ad283aa400af464c76d713c07ad', 'นายทดสอบ อิอิ', '1523322145256', 'f@gmail.com', 0, '2000-10-08', 'test test test test', '0932152364', 1, 0, 2, 0),
(111, 'test12345', '25f9e794323b453885f5181f1b624d0b', 'นายทดลอง ทดสอบ', '1929988520012', 't@gmail.com', 0, '2001-11-23', '8/264 หมู่ 5 ถนน สวนตูลทางเข้า กศน ภาคใต้', '0642431470', 1, 0, 1, 0);

-- --------------------------------------------------------

--
-- Table structure for table `event`
--

CREATE TABLE `event` (
  `id` int(11) NOT NULL,
  `start` date NOT NULL,
  `end` date NOT NULL,
  `color` varchar(20) NOT NULL
) ENGINE=InnoDB DEFAULT CHARSET=utf8;

--
-- Dumping data for table `event`
--

INSERT INTO `event` (`id`, `start`, `end`, `color`) VALUES
(4, '2023-08-31', '2023-08-31', ''),
(6, '2023-08-25', '2023-08-25', ''),
(7, '2023-08-29', '2023-08-29', ''),
(8, '2023-09-01', '2023-09-01', ''),
(10, '2023-10-02', '2023-10-02', ''),
(11, '2023-10-01', '2023-10-01', ''),
(12, '2023-10-02', '2023-10-02', ''),
(13, '2023-11-03', '2023-11-03', ''),
(14, '2023-11-07', '2023-11-07', ''),
(15, '2023-11-07', '2023-11-07', ''),
(16, '2023-11-23', '2023-11-23', ''),
(17, '2023-11-07', '2023-11-07', ''),
(18, '2023-11-07', '2023-11-07', ''),
(19, '2023-11-07', '2023-11-07', ''),
(23, '2023-11-10', '2023-11-10', '');

-- --------------------------------------------------------

--
-- Table structure for table `healthresults`
--

CREATE TABLE `healthresults` (
  `hr_id` int(11) NOT NULL,
  `hr_date` date NOT NULL,
  `hr_pressure` varchar(7) NOT NULL,
  `hr_pulse` int(11) NOT NULL,
  `hr_hb` float NOT NULL,
  `hr_weight` float NOT NULL,
  `hr_height` float NOT NULL,
  `hr_temperature` float NOT NULL,
  `dn_id` int(11) NOT NULL,
  `oc_id` int(11) NOT NULL
) ENGINE=InnoDB DEFAULT CHARSET=utf8;

--
-- Dumping data for table `healthresults`
--

INSERT INTO `healthresults` (`hr_id`, `hr_date`, `hr_pressure`, `hr_pulse`, `hr_hb`, `hr_weight`, `hr_height`, `hr_temperature`, `dn_id`, `oc_id`) VALUES
(1, '2023-10-01', '120/100', 0, 39, 96, 173, 37.7, 0, 0),
(2, '2023-10-01', '120/100', 0, 39, 96, 173, 37.7, 0, 0),
(3, '2023-10-01', '120/100', 0, 39, 96, 173, 37.7, 0, 0),
(4, '2023-10-01', '111/111', 0, 22, 96, 173, 37, 0, 0),
(5, '2023-10-01', '111/11', 0, 99, 33, 333, 33, 0, 0),
(6, '2023-10-01', '120/90', 0, 22, 33, 173, 33, 0, 0),
(7, '2023-10-01', '120/90', 0, 22, 33, 173, 33, 0, 0),
(8, '2023-10-01', '120/90', 0, 22, 33, 173, 33, 0, 0),
(9, '2023-10-01', '120/90', 0, 22, 33, 173, 33, 0, 0),
(10, '2023-10-01', '11', 11, 11, 11, 11, 11, 0, 0),
(11, '2023-10-01', '11', 11, 11, 11, 11, 11, 0, 0),
(12, '2023-10-01', '11', 11, 11, 11, 11, 11, 0, 0),
(13, '2023-10-01', '11', 11, 11, 11, 11, 11, 0, 0),
(14, '2023-10-01', '11', 11, 11, 11, 11, 11, 0, 0),
(15, '2023-10-01', '234', 234, 44, 44, 34, 343, 0, 0),
(16, '2023-10-01', '234', 234, 44, 44, 34, 343, 0, 0),
(17, '2023-10-01', '999', 999, 999, 99, 99, 99, 0, 0),
(18, '2023-10-01', '666', 666, 666, 666, 666, 666, 0, 0),
(19, '2023-10-01', '120/90', 100, 66, 96, 173, 37.77, 0, 0),
(20, '2023-10-01', '110/99', 95, 55, 96, 170, 37, 0, 0),
(21, '2023-10-01', '120/99', 98, 99, 96, 120, 37, 0, 0),
(22, '2023-10-01', '120/100', 22, 111, 22, 333, 37.99, 0, 0),
(23, '2023-10-01', '456/444', 88, 66, 99, 190, 37.33, 0, 0),
(24, '2023-10-01', '1231', 3233, 3333, 33, 333, 33, 0, 0),
(25, '2023-10-01', '3333', 333, 333, 333, 3333, 333, 1, 0),
(26, '2023-10-01', '4444', 444, 444, 44, 444, 444, 1, 0),
(28, '2023-10-01', '', 0, 0, 0, 0, 0, 1, 0),
(29, '2023-10-01', '', 0, 0, 0, 0, 0, 1, 0),
(30, '2023-10-01', '', 0, 0, 0, 0, 0, 1, 0),
(31, '2023-10-01', '', 0, 0, 0, 0, 0, 1, 0),
(32, '2023-10-01', '333', 333, 33, 333, 333, 333, 1, 0),
(33, '2023-10-01', '', 0, 0, 0, 0, 0, 1, 0),
(34, '2023-10-01', '45', 45, 45, 454, 45, 45, 1, 0),
(35, '2023-10-03', '', 0, 0, 0, 0, 0, 1, 0),
(36, '2023-10-07', '120/90', 111, 22, 96, 173, 37.99, 1, 0),
(37, '2023-10-08', '120/90', 111, 95, 96, 173, 37.99, 1, 0),
(38, '2023-10-08', '120/90', 111, 95, 96, 173, 37.99, 1, 0),
(39, '2023-10-08', '120/90', 111, 95, 96, 173, 37.99, 1, 0),
(40, '2023-10-08', '120/90', 111, 95, 96, 173, 37.99, 1, 0),
(41, '2023-10-08', '120/90', 111, 95, 96, 173, 37.99, 1, 0),
(42, '2023-10-08', '120/90', 95, 22, 96, 173, 37.99, 4, 2),
(43, '2023-10-08', '120/90', 95, 22, 96, 173, 37.99, 3, 2),
(44, '2023-10-08', '110/70', 85, 60, 98, 173, 38, 4, 2),
(45, '2023-10-08', '111/111', 222, 222, 222, 222, 222, 4, 2),
(46, '2023-10-08', '120/90', 111, 111, 111, 173, 37.99, 6, 2),
(47, '2023-10-08', '11', 111, 111, 111, 111, 111, 4, 2),
(48, '2023-10-08', '120/90', 95, 22, 96, 173, 37.99, 6, 2),
(49, '2023-10-08', '120/90', 111, 111, 111, 173, 37.99, 4, 2),
(50, '2023-10-08', '11', 111, 22, 111, 173, 111, 4, 2),
(51, '2023-10-08', '120/90', 111, 22, 111, 173, 37.99, 4, 2),
(52, '2023-10-08', '111', 95, 111, 96, 173, 37.99, 4, 2),
(53, '2023-10-08', '1', 1, 1, 1, 1, 1, 4, 2),
(54, '2023-10-08', '2', 2, 2, 2, 2, 2, 3, 2),
(55, '2023-10-08', '3', 3, 3, 3, 3, 3, 4, 2),
(56, '2023-10-08', '5', 5, 5, 5, 5, 5, 4, 2),
(57, '2023-10-08', '5', 5, 5, 5, 5, 5, 6, 2),
(58, '2023-10-08', '120/90', 111, 95, 96, 173, 37.99, 1, 2),
(59, '2023-10-08', '120/90', 111, 95, 96, 173, 37.99, 1, 2),
(60, '2023-10-08', '120/90', 95, 55, 96, 175, 37.99, 4, 2),
(61, '2023-10-08', '120/90', 95, 44, 95, 175, 38, 4, 2),
(62, '2023-10-08', '120/90', 111, 95, 96, 173, 37.99, 1, 0),
(63, '2023-10-08', '300/900', 110, 20, 96, 173, 40, 1, 0),
(64, '2023-10-08', '300/900', 110, 20, 96, 173, 40, 1, 0),
(65, '2023-10-08', '300/900', 100, 20, 96, 173, 38, 1, 0),
(66, '2023-10-08', '150/95', 56, 14, 96, 173, 37, 1, 0),
(67, '2023-10-08', '120/90', 95, 22, 96, 173, 37, 0, 0),
(68, '2023-10-08', '120/90', 95, 22, 96, 173, 37, 0, 0),
(69, '2023-10-08', '120/90', 95, 22, 96, 173, 37, 1, 0);

-- --------------------------------------------------------

--
-- Table structure for table `officer`
--

CREATE TABLE `officer` (
  `oc_id` int(11) NOT NULL,
  `oc_username` varchar(30) NOT NULL,
  `oc_password` varchar(32) NOT NULL,
  `oc_firstname` varchar(30) NOT NULL,
  `oc_lastname` varchar(30) NOT NULL,
  `oc_position` varchar(1) NOT NULL,
  `oc_phonenumber` varchar(10) NOT NULL
) ENGINE=InnoDB DEFAULT CHARSET=utf8;

--
-- Dumping data for table `officer`
--

INSERT INTO `officer` (`oc_id`, `oc_username`, `oc_password`, `oc_firstname`, `oc_lastname`, `oc_position`, `oc_phonenumber`) VALUES
(1, 'admin', '81dc9bdb52d04dc20036dbd8313ed055', 'Phutip', 'Kinjib', '0', '0642431470'),
(2, 'officer', '81dc9bdb52d04dc20036dbd8313ed055', 'PT1', 'kj', '1', '0652131522'),
(3, 'KJ', '81dc9bdb52d04dc20036dbd8313ed055', 'Phutip', 'PT', '1', '0652315231'),
(5, 'admin2', '81dc9bdb52d04dc20036dbd8313ed055', 'pt', 'kj', '0', '1532512321'),
(7, 'dddd', 'd9bd783893da09818a2560e1a0c69f7d', 'sdasdas', 'dasdasd', '0', '1231231232'),
(8, 'admin3', '81dc9bdb52d04dc20036dbd8313ed055', 'ddddddd', 'dddddddddddd', '0', '5555555555'),
(9, 'GAL1LE0', '81dc9bdb52d04dc20036dbd8313ed055', 'PP', 'KK', '1', '0642431470'),
(10, 'ddd', '81dc9bdb52d04dc20036dbd8313ed055', 'ddddd', 'dddddddd', '1', '123123');

-- --------------------------------------------------------

--
-- Table structure for table `onsiteservice`
--

CREATE TABLE `onsiteservice` (
  `on_id` int(8) NOT NULL,
  `on_date` date NOT NULL,
  `on_time` time NOT NULL,
  `on_approval` int(1) NOT NULL,
  `dn_id` int(8) NOT NULL,
  `oc_id` int(8) NOT NULL
) ENGINE=InnoDB DEFAULT CHARSET=utf8;

--
-- Dumping data for table `onsiteservice`
--

INSERT INTO `onsiteservice` (`on_id`, `on_date`, `on_time`, `on_approval`, `dn_id`, `oc_id`) VALUES
(2, '2023-10-08', '05:00:00', 0, 1, 0),
(3, '2023-10-12', '17:31:00', 0, 1, 0),
(7, '2023-10-08', '21:55:00', 0, 0, 0),
(11, '2023-10-28', '20:58:00', 0, 0, 0),
(12, '2023-10-21', '23:58:00', 0, 1, 0),
(13, '2023-10-07', '21:02:00', 0, 1, 0),
(15, '2023-10-07', '23:51:00', 0, 1, 0),
(17, '2024-01-09', '20:32:00', 0, 1, 0);

-- --------------------------------------------------------

--
-- Table structure for table `outsideagency`
--

CREATE TABLE `outsideagency` (
  `oa_id` int(8) NOT NULL,
  `oa_username` varchar(15) NOT NULL,
  `oa_password` varchar(32) NOT NULL,
  `oa_name` varchar(30) NOT NULL,
  `oa_details` varchar(100) NOT NULL,
  `oa_address` varchar(60) NOT NULL,
  `oa_coname` varchar(30) NOT NULL,
  `oa_cophone` varchar(10) NOT NULL,
  `oa_status` int(1) NOT NULL
) ENGINE=InnoDB DEFAULT CHARSET=utf8;

--
-- Dumping data for table `outsideagency`
--

INSERT INTO `outsideagency` (`oa_id`, `oa_username`, `oa_password`, `oa_name`, `oa_details`, `oa_address`, `oa_coname`, `oa_cophone`, `oa_status`) VALUES
(1, 'gg', '81dc9bdb52d04dc20036dbd8313ed055', 'gggggggggg', 'gggggggggg', 'ggggggggggg', 'ggggggggg', '2147483647', 2),
(2, 'arkcorp', '81dc9bdb52d04dc20036dbd8313ed055', 'arkcorp', 'arkcorp', 'arkcorp', 'นายประหยัด', '0998997765', 1),
(3, 'aa', '81dc9bdb52d04dc20036dbd8313ed055', 'aaa', 'aaaaaaaaaaaaaaaaaa', 'aaaaaaaaaaaaa', 'aaaaaaaaaaa', '34343443', 1),
(4, 'spd', '81dc9bdb52d04dc20036dbd8313ed055', 'spd no1 ทดสอบ', 'spd no11 ทดสอบ', 'spd1 ถ.ทดสอบ', 'นายทดสอบ', '0956321542', 1),
(5, 'as', '81dc9bdb52d04dc20036dbd8313ed055', 'as', 'as', 'as', 'as', '0', 2),
(7, 'test', '81dc9bdb52d04dc20036dbd8313ed055', 'test', 'test', 'test', 'test', '0642431470', 0),
(8, 'อำนวย', '81dc9bdb52d04dc20036dbd8313ed055', 'อิอิ', 'อิอิอ', 'อิอิ', 'อิอิ', '251321051', 0),
(9, 'กก', '81dc9bdb52d04dc20036dbd8313ed055', 'กก', 'กกกกก', 'กกกกกกกกก', 'กกกกกกกก', '1231321132', 0),
(10, 'กกกก', '81dc9bdb52d04dc20036dbd8313ed055', 'กกกกกกกกกกกกกกก', 'กกกกกกกก', 'กกกกกกก', 'กกกกกก', '1234', 1),
(14, 'ss', '3691308f2a4c2f6983f2880d32e29c84', 'ss', 'ss', 'sss', 'ssssssss', 'ssssssss', 1),
(15, 'org1234', '1a64b034ad7238f9773e57894efa346a', 'test ', 'test test test test test test test test test ', '111/11 xxxxxxxx xxxxxxxx', 'ภูธิป กินจิบ', '0623152135', 1),
(16, 'anddy', 'fcea920f7412b5da7be0cf42b8c93759', 'cdo corp', 'cdo corp ', '69/1 test test ', 'ภูธิป กินจิบ', '0642431470', 1),
(17, 'test1234', 'fcea920f7412b5da7be0cf42b8c93759', 'TVA', 'TVA ทดสอบบบบ', '8/624 ถ.ทดสอบ ', 'ภูธิป กินจิบ', '0642431470', 0);

-- --------------------------------------------------------

--
-- Table structure for table `outsiteservice`
--

CREATE TABLE `outsiteservice` (
  `out_id` int(11) NOT NULL,
  `out_start` date NOT NULL,
  `out_end` date NOT NULL,
  `out_time` varchar(30) NOT NULL,
  `out_location` varchar(60) NOT NULL,
  `out_amount` int(11) NOT NULL,
  `out_approval` int(1) NOT NULL,
  `oa_id` int(11) NOT NULL,
  `oc_id` int(11) NOT NULL
) ENGINE=InnoDB DEFAULT CHARSET=utf8;

--
-- Dumping data for table `outsiteservice`
--

INSERT INTO `outsiteservice` (`out_id`, `out_start`, `out_end`, `out_time`, `out_location`, `out_amount`, `out_approval`, `oa_id`, `oc_id`) VALUES
(4, '2023-08-31', '2023-08-31', '13.05 - 14.00 น.', 'หอประชุม 2 โรงแรม Green Garden ', 1000, 1, 4, 2),
(6, '2023-08-25', '2023-08-25', '12.05 - 13.00 น.', 'หอประชุม 5 โรงแรม Green Garden ', 50, 2, 3, 2),
(7, '2023-08-29', '2023-08-29', '10.05 - 11.00 น.', 'หอประชุม 1 โรงแรม Green Garden ', 100, 1, 4, 2),
(8, '2023-09-01', '2023-09-01', '09.00 - 10.00 น.', 'กองพัฒ', 10000, 0, 4, 0),
(10, '2023-10-02', '2023-10-02', 'ช่วงบ่าย', 'หอประชุม 5 โรงแรม Green Garden ', 100, 1, 4, 2),
(11, '2023-10-01', '2023-10-01', 'ช่วงเช้า', 'หอประชุม 1 โรงแรม Green Garden ', 100, 1, 4, 2),
(12, '2023-10-02', '2023-10-02', 'ช่วงเช้า', 'หอประชุม 3 โรงแรม Green Garden ', 100, 1, 4, 2),
(13, '2023-11-03', '2023-11-03', 'ช่วงเช้า', 'หอประชุม 5 โรงแรม Green Garden ', 100, 0, 4, 0),
(14, '2023-11-07', '2023-11-07', 'ช่วงบ่าย', 'หอประชุม 3 โรงแรม Green Garden ', 100, 1, 4, 2),
(15, '2023-11-07', '2023-11-07', 'ช่วงบ่าย', 'หอประชุม 3 โรงแรม Green Garden ', 100, 2, 4, 2),
(16, '2023-11-23', '2023-11-23', 'ช่วงบ่าย', 'หอประชุม 5 โรงแรม Green Garden ', 1000, 0, 4, 0),
(17, '2023-11-07', '2023-11-07', 'ช่วงบ่าย', 'หอประชุม 3 โรงแรม Green Garden ', 50, 0, 4, 0),
(18, '2023-11-07', '2023-11-07', 'ช่วงบ่าย', 'asdfasdf', 50, 0, 4, 0),
(19, '2023-11-07', '2023-11-07', 'ช่วงเช้า', 'sdfasdfasdf', 100, 0, 4, 0),
(23, '2023-11-10', '2023-11-10', 'ช่วงเช้า', 'test', 50, 0, 4, 0);

-- --------------------------------------------------------

--
-- Table structure for table `publicrelations`
--

CREATE TABLE `publicrelations` (
  `pr_id` int(8) NOT NULL,
  `pr_topic` varchar(100) NOT NULL,
  `pr_details` varchar(2000) NOT NULL,
  `pr_image` varchar(200) NOT NULL,
  `pr_date` timestamp NOT NULL DEFAULT current_timestamp() ON UPDATE current_timestamp(),
  `oc_id` int(8) NOT NULL
) ENGINE=InnoDB DEFAULT CHARSET=utf8;

--
-- Dumping data for table `publicrelations`
--

INSERT INTO `publicrelations` (`pr_id`, `pr_topic`, `pr_details`, `pr_image`, `pr_date`, `oc_id`) VALUES
(2, '23', '23', '../uploads/1.jpg', '2023-08-03 13:52:43', 0),
(3, 'f1', 'fffffffffff1', '../uploads/cat-g179ac1e91_1920.png', '2023-08-03 13:47:33', 0),
(4, '6', '6', '../uploads/cat-g9a31822d3_1920.jpg', '2023-08-03 13:51:08', 0),
(5, '2', '2', '../uploads/cat-gd24464488_1920.jpg', '2023-08-03 13:48:48', 0),
(6, 'ffffffffffff', 'ffffffffffff', '../uploads/pexels-tranmautritam-251225.jpg', '2023-08-03 13:38:54', 0),
(7, '123', '123', '../uploads/bob-brewer-aWZRjRyavjA-unsplash.jpg', '2023-08-03 13:46:21', 0),
(8, 'ทดสอบ', 'ทดสอบ', '../uploads/default_image.jpg', '2023-08-03 14:21:55', 0),
(9, 'test ', '11111', '../uploads/default_image.jpg', '2023-08-04 06:24:00', 0),
(10, 'test', 'test', '../uploads/cat-g9a31822d3_1920.jpg', '2023-08-04 06:52:54', 0),
(11, 'test', 'test', '../uploads/default_image.jpg', '2023-08-04 06:53:09', 0),
(12, 'd', 'd', '../uploads/default_image.jpg', '2023-08-05 11:58:37', 0),
(13, 'd', 'dddddddddddd', '../uploads/default_image.jpg', '2023-08-06 06:51:41', 0),
(14, 'cccccccc', 'cccccccccccccccccccccccccccc', '../uploads/default_image.jpg', '2023-08-06 07:51:16', 0),
(15, 'ทดสอบรอบที่ล้าน', 'ทดสอบรอบที่ล้านทดสอบรอบที่ล้านทดสอบรอบที่ล้านทดสอบรอบที่ล้านทดสอบรอบที่ล้านทดสอบรอบที่ล้านทดสอบรอบที่ล้านทดสอบรอบที่ล้านทดสอบรอบที่ล้าน\r\n\r\nทดสอบรอบที่ล้าน\r\nทดสอบรอบที่ล้านทดสอบรอบที่ล้าน\r\n\r\nทดสอบรอบที่ล้านทดสอบรอบที่ล้านทดสอบรอบที่ล้านทดสอบรอบที่ล้านทดสอบรอบที่ล้านทดสอบรอบที่ล้านทดสอบรอบที่ล้านทดสอบรอบที่ล้าน', '../uploads/pexels-tranmautritam-251225.jpg', '2023-08-06 07:58:49', 0),
(16, 'fdfffffffff', 'ffffffffffffff', '../uploads/sam-moghadam-khamseh-yxZSAjyToP4-unsplash.jpg', '2023-08-20 16:25:36', 0),
(17, 'test', 'testtesttesttesttesttesttesttesttesttesttesttesttesttesttesttesttesttesttesttesttesttesttesttesttesttest', '../uploads/default_image.jpg', '2023-08-20 16:29:39', 0),
(18, 'ทดสอบ1', 'ทดสอบ1', '../uploads/default_image.jpg', '2023-08-23 13:08:30', 0),
(20, 'ทดสอบ1', 'ทดสอบ', '../uploads/Screenshot 2023-10-03 092726.png', '2023-10-08 13:08:31', 0);

-- --------------------------------------------------------

--
-- Table structure for table `questions`
--

CREATE TABLE `questions` (
  `id` int(11) NOT NULL,
  `question_text` varchar(60) NOT NULL,
  `correct_answer` varchar(60) NOT NULL
) ENGINE=InnoDB DEFAULT CHARSET=utf8;

--
-- Dumping data for table `questions`
--

INSERT INTO `questions` (`id`, `question_text`, `correct_answer`) VALUES
(1, 'PHP เป็นภาษาโปรแกรมที่ใช้สำหรับพัฒนาเว็บไซต์ใช่หรือไม่?', 'ใช่'),
(2, 'ฟังก์ชัน echo ใน PHP ใช้สำหรับการแสดงผลข้อความบนหน้าจอใช่หรื', 'ใช่'),
(3, 'การใช้ตัวแปรใน PHP เป็นวิธีหนึ่งในการเก็บข้อมูลเพื่อนำมาประม', 'ไม่ใช่');

-- --------------------------------------------------------

--
-- Table structure for table `screening`
--

CREATE TABLE `screening` (
  `s_id` int(11) NOT NULL,
  `s_question` varchar(200) NOT NULL,
  `oc_id` int(11) NOT NULL
) ENGINE=InnoDB DEFAULT CHARSET=utf8;

--
-- Dumping data for table `screening`
--

INSERT INTO `screening` (`s_id`, `s_question`, `oc_id`) VALUES
(1, 'ท่านรู้สึกสบายดี สุขภาพแข็งแรง พร้อมที่จะบริจาคโลหิต', 0),
(2, 'ท่านนอนหลับพักผ่อนเพียงพอ (ไม่น้อยกว่า 5 ชั่วโมง)', 0),
(3, 'ท่านรับประทานอาหารที่มีไขมันสูง ภายใน 6 ชั่วโมงที่ผ่านมา', 0),
(4, 'ท่านมีโรคประจำตัว หรือเคยเป็นโรค', 0),
(5, 'ท่านรับประทานยาปฏิชีวนะ (ยาฆ่าเชื้อ) ภายใน 7 วันที่ผ่านมา', 0),
(6, 'ท่านรับประทานยาแอสไพริน ยาคลายกล้ามเนื้อ ยาแก้ปวดข้อ หรือยาอื่นๆ ในกลุ่มเดียวกันภายใน 2 วันที่ผ่านมา', 0),
(7, 'ท่านมีการใช้ ยา / สมุนไพร / อาหารเสริมที่มีไบโอตินเป็นส่วนประกอบ เป็นประจำ', 0),
(8, 'ท่านดื่มแอลกอฮอล์ภายใน 24 ชั่วโมงที่ผ่านมา', 0),
(9, 'ท่านเคยบริจาคเซลล์ต้นกำเนิดเม็ดโลหิตในระยะ 6 เดือนที่ผ่านมา', 0),
(10, 'ท่านเคยตั้งครรภ์ หรือแท้งบุตร มาก่อน', 0),
(11, 'ท่านอยู่ในช่วงตั้งครรภ์ หรือให้นมบุตร', 0),
(12, 'ท่านคลอดบุตร หรือแท้งบุตร ภายใน 6 เดือนที่ผ่านมา', 0),
(13, 'ท่านหรือคู่ของท่านเคยมีเพศสัมพันธ์กับ : ผู้ที่ไม่ใช่คู่ของตนเอง / ผู้ที่ทำงานบริการทางเพศ/\r\nผู้เสพยาเสพติด / ผู้ที่อาจติดเชื้อเอชไอวีหรือโรคติดต่อทางเพศสัมพันธ์อื่น', 0),
(14, 'ท่านเคยใช้ยารักษาหรือป้องกันการติดเชื้อเอชไอวี', 0),
(15, 'ท่านเป็นเพศชายที่เคยมีเพศสัมพันธ์กับเพศชาย', 0),
(16, 'ท่านอุดฟัน ขูดหินปูน ภายใน 3 วันที่ผ่านมา / ถอนฟัน รักษารากฟัน ภายใน 7 วันที่ผ่านมา', 0),
(17, 'ท่านท้องเสีย ท้องร่วง ภายใน 7 วันที่ผ่านมา', 0),
(18, 'ท่านเคยเจาะหู เจาะผิวหนัง สัก ลบรอยสัก ฝังเข็ม ภายใน 4 เดือนที่ผ่านมา', 0),
(19, 'ท่านเคยได้รับการผ่าตัดเล็ก ภายใน 7 วันที่ผ่านมา', 0),
(20, 'ท่านเคยผ่าตัดใหญ่ ภายใน 6 เดือนที่ผ่านมา', 0),
(21, 'ท่านเคยป่วยและได้รับโลหิต / ส่วนประกอบโลหิต ภายใน 1 ปีที่ผ่านมา', 0),
(22, 'ท่านเคยได้รับการปลูกถ่ายอวัยวะ หรือเซลล์ต้นกำเนิดเม็ดโลหิต', 0),
(23, 'ท่านเคยถูกเข็มที่เปื้อนเลือดตำ ในระยะ 1 ปีที่ผ่านมา', 0),
(24, 'ท่านเคยป่วยเป็นโรคตับอักเสบ หลังอายุ 11 ปี', 0),
(25, 'คู่ของท่านหรือบุคคลในครอบครัวของท่าน เป็นโรคตับอักเสบ ในระยะเวลา 1 ปี ที่ผ่านมา', 0),
(26, 'ท่านเคยตรวจพบว่าเป็นพาหะของโรคตับอักเสบ', 0),
(27, 'ท่านเคยป่วยเป็นโรคมาลาเรีย ในระยะ 3 ปีที่ผ่านมา', 0),
(28, 'ท่านเคยเข้าไปในพื้นที่มีเชื้อมาลาเรียชุกชุม ในระยะ 1 ปีที่ผ่านมา', 0),
(29, 'ท่านเคยป่วยเป็นโรคไข้หวัดใหญ่ / โรคไข้เลือดออก / โรคชิคุนกุนยา / โรคไข้ซิกา หรือ\r\nโรคโควิด-19 ในระยะ 1 เดือนที่ผ่านมา', 0),
(30, 'ท่านได้รับวัคซีนเพื่อป้องกันโรคในระยะ 2 เดือนที่ผ่านมา', 0),
(31, 'ท่านได้รับเซรุ่ม ภายใน 1 ปี ที่ผ่านมา', 0),
(32, 'ท่านเคยมีประวัติเสพยาเสพติด', 0),
(33, 'ท่านเคยถูกควบคุมตัวหรือจองจำในเรือนจำติดต่อกันเกิน 72 ชั่วโมง ในช่วง 1 ปีที่ผ่านมา', 0),
(34, 'ท่านเคยมีน้ำหนักลด มีไข้ มีต่อมน้ำเหลืองโตโดยไม่ทราบสาเหตุ ในระยะ 3 เดือนที่ผ่านมาหรือเคยตรวจพบว่าติดเชื้อเอชไอวี', 0),
(35, 'ช่วง พ.ศ. 2523 - 2539 ท่านเคยพำนักอาศัยอยู่ในประเทศเหล่านี้ เป็นเวลาสะสมมากกว่า 3 เดือน อังกฤษ ไอร์แลนด์เหนือ สก๊อตแลนด์ เวลส์', 0),
(36, 'ช่วง พ.ศ. 2523 – 2544 ท่านเคยพำนักอาศัยอยู่ในประเทศฝรั่งเศส และไอร์แลนด์ เป็นระยะเวลาสะสมมากกว่า 5 ปี', 0),
(37, 'ท่านมั่นใจว่าโลหิตของท่านมีความปลอดภัยต่อผู้ป่วย', 0);

-- --------------------------------------------------------

--
-- Table structure for table `screeningresults`
--

CREATE TABLE `screeningresults` (
  `sr_id` int(8) NOT NULL,
  `sr_answer_1` varchar(1) NOT NULL,
  `sr_answer_2` varchar(1) NOT NULL,
  `sr_answer_3` varchar(1) NOT NULL,
  `sr_answer_4` varchar(1) NOT NULL,
  `sr_answer_5` varchar(1) NOT NULL,
  `sr_answer_6` varchar(1) NOT NULL,
  `sr_answer_7` varchar(1) NOT NULL,
  `sr_answer_8` varchar(1) NOT NULL,
  `sr_answer_9` varchar(1) NOT NULL,
  `sr_answer_10` varchar(1) NOT NULL,
  `sr_answer_11` varchar(1) NOT NULL,
  `sr_answer_12` varchar(1) NOT NULL,
  `sr_answer_13` varchar(1) NOT NULL,
  `sr_answer_14` varchar(1) NOT NULL,
  `sr_answer_15` varchar(1) NOT NULL,
  `sr_answer_16` varchar(1) NOT NULL,
  `sr_answer_17` varchar(1) NOT NULL,
  `sr_answer_18` varchar(1) NOT NULL,
  `sr_answer_19` varchar(1) NOT NULL,
  `sr_answer_20` varchar(1) NOT NULL,
  `sr_answer_21` varchar(1) NOT NULL,
  `sr_answer_22` varchar(1) NOT NULL,
  `sr_answer_23` varchar(1) NOT NULL,
  `sr_answer_24` varchar(1) NOT NULL,
  `sr_answer_25` varchar(1) NOT NULL,
  `sr_answer_26` varchar(1) NOT NULL,
  `sr_answer_27` varchar(1) NOT NULL,
  `sr_answer_28` varchar(1) NOT NULL,
  `sr_answer_29` varchar(1) NOT NULL,
  `sr_answer_30` varchar(1) NOT NULL,
  `sr_answer_31` varchar(1) NOT NULL,
  `sr_answer_32` varchar(1) NOT NULL,
  `sr_answer_33` varchar(1) NOT NULL,
  `sr_answer_34` varchar(1) NOT NULL,
  `sr_answer_35` varchar(1) NOT NULL,
  `sr_answer_36` varchar(1) NOT NULL,
  `sr_answer_37` varchar(1) NOT NULL,
  `sr_date` date NOT NULL,
  `dn_id` int(8) NOT NULL,
  `oc_id` int(8) NOT NULL,
  `sr_status` int(1) NOT NULL
) ENGINE=InnoDB DEFAULT CHARSET=utf8;

--
-- Dumping data for table `screeningresults`
--

INSERT INTO `screeningresults` (`sr_id`, `sr_answer_1`, `sr_answer_2`, `sr_answer_3`, `sr_answer_4`, `sr_answer_5`, `sr_answer_6`, `sr_answer_7`, `sr_answer_8`, `sr_answer_9`, `sr_answer_10`, `sr_answer_11`, `sr_answer_12`, `sr_answer_13`, `sr_answer_14`, `sr_answer_15`, `sr_answer_16`, `sr_answer_17`, `sr_answer_18`, `sr_answer_19`, `sr_answer_20`, `sr_answer_21`, `sr_answer_22`, `sr_answer_23`, `sr_answer_24`, `sr_answer_25`, `sr_answer_26`, `sr_answer_27`, `sr_answer_28`, `sr_answer_29`, `sr_answer_30`, `sr_answer_31`, `sr_answer_32`, `sr_answer_33`, `sr_answer_34`, `sr_answer_35`, `sr_answer_36`, `sr_answer_37`, `sr_date`, `dn_id`, `oc_id`, `sr_status`) VALUES
(1, 'Y', 'Y', 'N', '0', '0', '0', '0', '0', '0', '0', '0', '0', '0', '0', '0', '0', '0', '0', '0', '0', '0', '0', '0', '0', '0', '0', '0', '0', '0', '0', '0', '0', '0', '0', '0', '0', '0', '0000-00-00', 0, 0, 0),
(2, 'Y', 'Y', 'N', '0', '0', '0', '0', '0', '0', '0', '0', '0', '0', '0', '0', '0', '0', '0', '0', '0', '0', '0', '0', '0', '0', '0', '0', '0', '0', '0', '0', '0', '0', '0', '0', '0', '0', '0000-00-00', 0, 0, 0),
(3, '1', '1', '0', '0', '0', '0', '0', '0', '0', '0', '0', '0', '0', '0', '0', '0', '0', '0', '0', '0', '0', '0', '0', '0', '0', '0', '0', '0', '0', '0', '0', '0', '0', '0', '0', '0', '1', '0000-00-00', 0, 0, 0),
(4, '1', '1', '0', '0', '0', '0', '0', '0', '0', '0', '0', '0', '0', '0', '0', '0', '0', '0', '0', '0', '0', '0', '0', '0', '0', '0', '0', '0', '0', '0', '0', '0', '0', '0', '0', '0', '1', '0000-00-00', 0, 0, 0),
(5, '1', '1', '0', '0', '0', '0', '0', '0', '0', '0', '0', '0', '0', '0', '0', '0', '0', '0', '0', '0', '0', '0', '0', '0', '0', '0', '0', '0', '0', '0', '0', '0', '0', '0', '0', '0', '1', '0000-00-00', 0, 0, 0),
(6, '1', '1', '0', '0', '0', '0', '0', '0', '0', '0', '0', '0', '0', '0', '0', '0', '0', '0', '0', '0', '0', '0', '0', '0', '0', '0', '0', '0', '0', '0', '0', '0', '0', '0', '0', '0', '1', '0000-00-00', 0, 0, 0),
(7, '1', '1', '0', '0', '0', '0', '0', '0', '0', '0', '0', '0', '0', '0', '0', '0', '0', '0', '0', '0', '0', '0', '0', '0', '0', '0', '0', '0', '0', '0', '0', '0', '0', '0', '0', '0', '1', '0000-00-00', 0, 0, 0),
(8, '1', '1', '1', '1', '1', '1', '1', '1', '1', '1', '1', '1', '1', '1', '1', '1', '1', '1', '1', '1', '1', '1', '1', '1', '1', '1', '1', '1', '1', '1', '1', '1', '1', '1', '1', '1', '1', '0000-00-00', 0, 0, 0),
(9, '1', '1', '1', '1', '1', '1', '1', '1', '1', '1', '1', '1', '1', '1', '1', '1', '1', '1', '1', '1', '1', '1', '1', '1', '1', '1', '1', '1', '1', '1', '1', '1', '1', '1', '1', '1', '1', '0000-00-00', 0, 0, 0),
(10, '0', '0', '0', '0', '0', '0', '0', '0', '0', '0', '0', '0', '0', '0', '0', '0', '0', '0', '0', '0', '0', '0', '0', '0', '0', '0', '0', '0', '0', '0', '0', '0', '0', '0', '0', '0', '0', '0000-00-00', 0, 0, 0),
(11, '1', '1', '0', '0', '0', '0', '0', '0', '0', '0', '0', '0', '0', '0', '0', '0', '0', '0', '0', '0', '0', '0', '0', '0', '0', '0', '0', '0', '0', '0', '0', '0', '0', '0', '0', '0', '1', '0000-00-00', 0, 0, 0),
(12, '1', '1', '0', '0', '0', '0', '0', '0', '0', '0', '0', '0', '0', '0', '0', '0', '0', '0', '0', '0', '0', '0', '0', '0', '0', '0', '0', '0', '0', '0', '0', '0', '0', '0', '0', '0', '1', '2023-10-01', 0, 0, 0),
(13, '1', '1', '0', '0', '0', '0', '0', '0', '0', '0', '0', '0', '0', '0', '0', '0', '0', '0', '0', '0', '0', '0', '0', '0', '0', '0', '0', '0', '0', '0', '0', '0', '0', '0', '0', '0', '1', '2023-10-01', 0, 0, 0),
(14, '1', '1', '0', '0', '0', '0', '0', '0', '0', '0', '0', '0', '0', '0', '0', '0', '0', '0', '0', '0', '0', '0', '0', '0', '0', '0', '0', '0', '0', '0', '0', '0', '0', '0', '0', '0', '1', '2023-10-01', 0, 0, 0),
(15, '1', '1', '0', '0', '0', '0', '0', '0', '0', '0', '0', '0', '0', '0', '0', '0', '0', '0', '0', '0', '0', '0', '0', '0', '0', '0', '0', '0', '0', '0', '0', '0', '0', '0', '0', '0', '1', '2023-10-01', 1, 0, 0),
(16, '1', '1', '1', '1', '1', '1', '1', '1', '1', '1', '1', '1', '1', '1', '1', '1', '1', '1', '1', '1', '1', '1', '1', '1', '1', '1', '1', '1', '1', '1', '1', '1', '1', '1', '1', '1', '1', '2023-10-01', 1, 0, 0),
(17, '0', '0', '0', '0', '0', '0', '0', '0', '0', '0', '0', '0', '0', '0', '0', '0', '0', '0', '0', '0', '0', '0', '0', '0', '0', '0', '0', '0', '0', '0', '0', '0', '0', '0', '0', '0', '0', '2023-10-01', 1, 0, 0),
(18, '1', '1', '1', '1', '1', '1', '1', '1', '1', '1', '1', '1', '1', '1', '1', '1', '1', '1', '1', '1', '1', '1', '1', '1', '1', '1', '1', '1', '1', '1', '1', '1', '1', '1', '1', '1', '1', '2023-10-01', 1, 0, 0),
(19, '1', '1', '0', '0', '0', '0', '0', '0', '0', '0', '0', '0', '0', '0', '0', '0', '0', '0', '0', '0', '0', '0', '0', '0', '0', '0', '0', '0', '0', '0', '0', '0', '0', '0', '0', '0', '0', '2023-10-03', 1, 0, 0),
(20, '1', '1', '0', '0', '0', '0', '0', '0', '0', '0', '0', '0', '0', '0', '0', '0', '0', '0', '0', '0', '0', '0', '0', '0', '0', '0', '0', '0', '0', '0', '0', '0', '0', '0', '0', '0', '1', '2023-10-07', 1, 0, 0),
(21, '1', '1', '0', '0', '0', '0', '0', '0', '0', '0', '0', '0', '0', '0', '0', '0', '0', '0', '0', '0', '0', '0', '0', '0', '0', '0', '0', '0', '0', '0', '0', '0', '0', '0', '0', '0', '1', '2023-10-08', 1, 0, 0),
(22, '1', '1', '0', '0', '0', '0', '0', '0', '0', '0', '0', '0', '0', '0', '0', '0', '0', '0', '0', '0', '0', '0', '0', '0', '0', '0', '0', '0', '0', '0', '0', '0', '0', '0', '0', '0', '1', '2023-10-08', 1, 0, 0),
(23, '1', '1', '0', '0', '0', '0', '0', '0', '0', '0', '0', '0', '0', '0', '0', '0', '0', '0', '0', '0', '0', '0', '0', '0', '0', '0', '0', '0', '0', '0', '0', '0', '0', '0', '0', '0', '1', '2023-10-08', 1, 0, 0),
(24, '1', '1', '0', '0', '0', '0', '0', '0', '0', '0', '0', '0', '0', '0', '0', '0', '0', '0', '0', '0', '0', '0', '0', '0', '0', '0', '0', '0', '0', '0', '0', '0', '0', '0', '0', '0', '1', '2023-10-08', 0, 0, 0),
(25, '1', '1', '0', '0', '0', '0', '0', '0', '0', '0', '0', '0', '0', '0', '0', '0', '0', '0', '0', '0', '0', '0', '0', '0', '0', '0', '0', '0', '0', '0', '0', '0', '0', '0', '0', '0', '1', '2023-10-08', 0, 2, 0),
(26, '1', '1', '0', '0', '0', '0', '0', '0', '0', '0', '0', '0', '0', '0', '0', '0', '0', '0', '0', '0', '0', '0', '0', '0', '0', '0', '0', '0', '0', '0', '0', '0', '0', '0', '0', '0', '1', '2023-10-08', 4, 2, 0),
(27, '1', '1', '0', '0', '0', '0', '0', '0', '0', '0', '0', '0', '0', '0', '0', '0', '0', '0', '0', '0', '0', '0', '0', '0', '0', '0', '0', '0', '0', '0', '0', '0', '0', '0', '0', '0', '1', '2023-10-08', 6, 2, 0),
(28, '1', '1', '0', '0', '0', '0', '0', '0', '0', '0', '0', '0', '0', '0', '0', '0', '0', '0', '0', '0', '0', '0', '0', '0', '0', '0', '0', '0', '0', '0', '0', '0', '0', '0', '0', '0', '1', '2023-10-08', 4, 2, 1),
(29, '0', '0', '0', '0', '0', '0', '0', '0', '0', '0', '0', '0', '0', '0', '0', '0', '0', '0', '0', '0', '0', '0', '0', '0', '0', '0', '0', '0', '0', '0', '0', '0', '0', '0', '0', '0', '1', '2023-10-08', 4, 2, 0),
(30, '1', '1', '0', '0', '0', '0', '0', '0', '0', '0', '0', '0', '0', '0', '0', '0', '0', '0', '0', '0', '0', '0', '0', '0', '0', '0', '0', '0', '0', '0', '0', '0', '0', '0', '0', '0', '1', '2023-10-08', 4, 2, 1),
(31, '0', '0', '0', '0', '0', '0', '0', '0', '0', '0', '0', '0', '0', '0', '0', '0', '0', '0', '0', '0', '0', '0', '0', '0', '0', '0', '0', '0', '0', '0', '0', '0', '0', '0', '0', '0', '1', '2023-10-08', 4, 2, 0),
(32, '1', '0', '0', '0', '0', '0', '0', '0', '0', '0', '0', '0', '0', '0', '0', '0', '0', '0', '0', '0', '0', '0', '0', '0', '0', '0', '0', '0', '0', '0', '0', '0', '0', '0', '0', '0', '1', '2023-10-08', 4, 2, 0),
(33, '1', '1', '0', '0', '0', '0', '0', '0', '0', '0', '0', '0', '0', '0', '0', '0', '0', '0', '0', '0', '0', '0', '0', '0', '0', '0', '0', '0', '0', '0', '0', '0', '0', '0', '0', '0', '1', '2023-10-08', 4, 2, 1),
(34, '1', '0', '0', '0', '0', '0', '0', '0', '0', '0', '0', '0', '0', '0', '0', '0', '0', '0', '0', '0', '0', '0', '0', '0', '0', '0', '0', '0', '0', '0', '0', '0', '0', '0', '0', '0', '1', '2023-10-08', 1, 2, 0),
(35, '1', '0', '0', '0', '0', '0', '0', '0', '0', '0', '0', '0', '0', '0', '0', '0', '0', '0', '0', '0', '0', '0', '0', '0', '0', '0', '0', '0', '0', '0', '0', '0', '0', '0', '0', '0', '1', '2023-10-08', 3, 2, 0),
(36, '1', '0', '0', '0', '0', '0', '0', '0', '0', '0', '0', '0', '0', '0', '0', '0', '0', '0', '0', '0', '0', '0', '0', '0', '0', '0', '0', '0', '0', '0', '0', '0', '0', '0', '0', '0', '1', '2023-10-08', 4, 2, 0),
(37, '1', '0', '0', '0', '0', '0', '0', '0', '0', '0', '0', '0', '0', '0', '0', '0', '0', '0', '0', '0', '0', '0', '0', '0', '0', '0', '0', '0', '0', '0', '0', '0', '0', '0', '0', '0', '1', '2023-10-08', 4, 2, 0),
(38, '0', '1', '1', '1', '1', '1', '1', '1', '1', '1', '1', '1', '1', '1', '1', '1', '1', '1', '1', '1', '1', '1', '1', '1', '1', '1', '1', '1', '1', '1', '1', '1', '1', '1', '1', '1', '1', '2023-10-08', 6, 2, 0),
(39, '0', '0', '0', '0', '0', '0', '0', '0', '0', '0', '0', '0', '0', '0', '0', '0', '0', '0', '0', '0', '0', '0', '0', '0', '0', '0', '0', '0', '0', '0', '0', '0', '0', '0', '0', '0', '0', '2023-10-08', 1, 2, 0),
(40, '1', '1', '0', '0', '0', '0', '0', '0', '0', '0', '0', '0', '0', '0', '0', '0', '0', '0', '0', '0', '0', '0', '0', '0', '0', '0', '0', '0', '0', '0', '0', '0', '0', '0', '0', '0', '1', '2023-10-08', 1, 2, 1),
(41, '1', '1', '0', '0', '0', '0', '0', '0', '0', '0', '0', '0', '0', '0', '0', '0', '0', '0', '0', '0', '0', '0', '0', '0', '0', '0', '0', '0', '0', '0', '0', '0', '0', '0', '0', '0', '1', '2023-10-08', 4, 2, 1),
(42, '1', '0', '0', '0', '0', '0', '0', '0', '0', '0', '0', '0', '0', '0', '0', '0', '0', '0', '0', '0', '0', '0', '0', '0', '0', '0', '0', '1', '1', '0', '0', '0', '0', '0', '0', '0', '0', '2023-10-08', 4, 2, 0),
(43, '1', '1', '0', '0', '0', '0', '0', '0', '0', '0', '0', '0', '0', '0', '0', '0', '0', '0', '0', '0', '0', '0', '0', '0', '0', '0', '0', '0', '0', '0', '0', '0', '0', '0', '0', '0', '1', '2023-10-08', 1, 0, 0),
(44, '1', '1', '0', '0', '0', '0', '0', '0', '0', '0', '0', '0', '0', '0', '0', '0', '0', '0', '0', '0', '0', '0', '0', '0', '0', '0', '0', '0', '0', '0', '0', '0', '0', '0', '0', '0', '1', '2023-10-08', 1, 0, 0),
(45, '1', '1', '0', '0', '0', '0', '0', '0', '0', '0', '0', '0', '0', '0', '0', '0', '0', '0', '0', '0', '0', '0', '0', '0', '0', '0', '0', '0', '0', '0', '0', '0', '0', '0', '0', '0', '1', '2023-10-08', 1, 0, 0),
(46, '1', '1', '0', '0', '0', '0', '0', '0', '0', '0', '0', '0', '0', '0', '0', '0', '0', '0', '0', '0', '0', '0', '0', '0', '0', '0', '0', '0', '0', '0', '0', '0', '0', '0', '0', '0', '1', '2023-10-08', 1, 0, 0),
(47, '1', '1', '0', '0', '0', '0', '0', '0', '0', '0', '0', '0', '0', '0', '0', '0', '0', '0', '0', '0', '0', '0', '0', '0', '0', '0', '0', '0', '0', '0', '0', '0', '0', '0', '0', '0', '1', '2023-10-08', 1, 0, 0),
(48, '1', '1', '0', '0', '0', '0', '0', '0', '0', '0', '0', '0', '0', '0', '0', '0', '0', '0', '0', '0', '0', '0', '0', '0', '0', '0', '0', '0', '0', '0', '0', '0', '0', '0', '0', '0', '1', '2023-10-08', 0, 0, 1),
(49, '1', '1', '0', '0', '0', '0', '0', '0', '0', '0', '0', '0', '0', '0', '0', '0', '0', '0', '0', '0', '0', '0', '0', '0', '0', '0', '0', '0', '0', '0', '0', '0', '0', '0', '0', '0', '1', '2023-10-08', 0, 0, 1),
(50, '1', '1', '0', '0', '0', '0', '0', '0', '0', '0', '0', '0', '0', '0', '0', '0', '0', '0', '0', '0', '0', '0', '0', '0', '0', '0', '0', '0', '0', '0', '0', '0', '0', '0', '0', '0', '1', '2023-10-08', 1, 0, 1),
(51, '1', '1', '0', '0', '0', '0', '0', '0', '0', '0', '0', '0', '0', '0', '0', '0', '0', '0', '0', '0', '0', '0', '0', '0', '0', '0', '0', '0', '0', '0', '0', '0', '0', '0', '0', '0', '1', '2023-10-08', 1, 0, 1),
(52, '1', '1', '0', '0', '0', '0', '0', '0', '0', '0', '0', '0', '0', '0', '0', '0', '0', '0', '0', '0', '0', '0', '0', '0', '0', '0', '0', '0', '0', '0', '0', '0', '0', '0', '0', '0', '1', '2023-10-08', 1, 0, 1);

-- --------------------------------------------------------

--
-- Table structure for table `specificblood`
--

CREATE TABLE `specificblood` (
  `sb_id` int(8) NOT NULL,
  `sb_information` varchar(20) NOT NULL
) ENGINE=InnoDB DEFAULT CHARSET=utf8;

--
-- Dumping data for table `specificblood`
--

INSERT INTO `specificblood` (`sb_id`, `sb_information`) VALUES
(1, 'พลาสม่า'),
(2, 'เม็ดเลือดแดง'),
(3, 'เกล็ดเลือด');

-- --------------------------------------------------------

--
-- Table structure for table `specificdonation`
--

CREATE TABLE `specificdonation` (
  `sd_id` int(8) NOT NULL,
  `sd_date` date NOT NULL,
  `sd_amount` int(3) NOT NULL,
  `dn_id` int(8) NOT NULL,
  `sd_status` int(1) NOT NULL
) ENGINE=InnoDB DEFAULT CHARSET=utf8;

--
-- Dumping data for table `specificdonation`
--

INSERT INTO `specificdonation` (`sd_id`, `sd_date`, `sd_amount`, `dn_id`, `sd_status`) VALUES
(1, '2023-08-30', 450, 4, 1),
(2, '2023-09-01', 450, 4, 2),
(5, '2023-09-14', 350, 1, 0),
(6, '2023-10-14', 350, 1, 0),
(7, '0000-00-00', 450, 0, 0),
(8, '2023-10-08', 450, 4, 0),
(9, '2023-11-08', 450, 3, 1),
(10, '2023-10-10', 350, 4, 0),
(11, '2023-10-08', 350, 1, 0);

-- --------------------------------------------------------

--
-- Table structure for table `wholeblood`
--

CREATE TABLE `wholeblood` (
  `wb_id` int(8) NOT NULL,
  `wb_bloodtype` varchar(3) NOT NULL
) ENGINE=InnoDB DEFAULT CHARSET=utf8;

--
-- Dumping data for table `wholeblood`
--

INSERT INTO `wholeblood` (`wb_id`, `wb_bloodtype`) VALUES
(1, 'A'),
(2, 'B'),
(3, 'O'),
(4, 'AB');

-- --------------------------------------------------------

--
-- Table structure for table `wholedonation`
--

CREATE TABLE `wholedonation` (
  `wd_id` int(8) NOT NULL,
  `wd_date` date NOT NULL,
  `wd_amount` int(3) NOT NULL,
  `dn_id` int(8) NOT NULL,
  `wd_status` int(1) NOT NULL
) ENGINE=InnoDB DEFAULT CHARSET=utf8;

--
-- Dumping data for table `wholedonation`
--

INSERT INTO `wholedonation` (`wd_id`, `wd_date`, `wd_amount`, `dn_id`, `wd_status`) VALUES
(4, '2023-08-01', 450, 1, 0),
(5, '2023-08-04', 350, 4, 2),
(6, '2023-08-02', 350, 2, 0),
(7, '2023-08-03', 350, 3, 0),
(17, '2023-09-01', 350, 1, 0),
(18, '2023-11-01', 350, 1, 1),
(19, '2023-10-03', 350, 1, 0),
(20, '0000-00-00', 0, 1, 0),
(21, '0000-00-00', 0, 0, 0),
(22, '0000-00-00', 0, 0, 0),
(23, '2023-10-08', 350, 4, 0),
(24, '2023-10-08', 450, 4, 0),
(25, '2023-10-08', 350, 4, 0),
(26, '2023-10-11', 350, 2, 0),
(27, '2023-11-08', 450, 3, 0);

--
-- Indexes for dumped tables
--

--
-- Indexes for table `donor`
--
ALTER TABLE `donor`
  ADD PRIMARY KEY (`dn_id`);

--
-- Indexes for table `event`
--
ALTER TABLE `event`
  ADD PRIMARY KEY (`id`);

--
-- Indexes for table `healthresults`
--
ALTER TABLE `healthresults`
  ADD PRIMARY KEY (`hr_id`);

--
-- Indexes for table `officer`
--
ALTER TABLE `officer`
  ADD PRIMARY KEY (`oc_id`);

--
-- Indexes for table `onsiteservice`
--
ALTER TABLE `onsiteservice`
  ADD PRIMARY KEY (`on_id`);

--
-- Indexes for table `outsideagency`
--
ALTER TABLE `outsideagency`
  ADD PRIMARY KEY (`oa_id`);

--
-- Indexes for table `outsiteservice`
--
ALTER TABLE `outsiteservice`
  ADD PRIMARY KEY (`out_id`);

--
-- Indexes for table `publicrelations`
--
ALTER TABLE `publicrelations`
  ADD PRIMARY KEY (`pr_id`);

--
-- Indexes for table `questions`
--
ALTER TABLE `questions`
  ADD PRIMARY KEY (`id`);

--
-- Indexes for table `screening`
--
ALTER TABLE `screening`
  ADD PRIMARY KEY (`s_id`);

--
-- Indexes for table `screeningresults`
--
ALTER TABLE `screeningresults`
  ADD PRIMARY KEY (`sr_id`);

--
-- Indexes for table `specificblood`
--
ALTER TABLE `specificblood`
  ADD PRIMARY KEY (`sb_id`);

--
-- Indexes for table `specificdonation`
--
ALTER TABLE `specificdonation`
  ADD PRIMARY KEY (`sd_id`);

--
-- Indexes for table `wholeblood`
--
ALTER TABLE `wholeblood`
  ADD PRIMARY KEY (`wb_id`);

--
-- Indexes for table `wholedonation`
--
ALTER TABLE `wholedonation`
  ADD PRIMARY KEY (`wd_id`);

--
-- AUTO_INCREMENT for dumped tables
--

--
-- AUTO_INCREMENT for table `donor`
--
ALTER TABLE `donor`
  MODIFY `dn_id` int(11) NOT NULL AUTO_INCREMENT, AUTO_INCREMENT=112;

--
-- AUTO_INCREMENT for table `event`
--
ALTER TABLE `event`
  MODIFY `id` int(11) NOT NULL AUTO_INCREMENT, AUTO_INCREMENT=25;

--
-- AUTO_INCREMENT for table `healthresults`
--
ALTER TABLE `healthresults`
  MODIFY `hr_id` int(11) NOT NULL AUTO_INCREMENT, AUTO_INCREMENT=70;

--
-- AUTO_INCREMENT for table `officer`
--
ALTER TABLE `officer`
  MODIFY `oc_id` int(11) NOT NULL AUTO_INCREMENT, AUTO_INCREMENT=12;

--
-- AUTO_INCREMENT for table `onsiteservice`
--
ALTER TABLE `onsiteservice`
  MODIFY `on_id` int(8) NOT NULL AUTO_INCREMENT, AUTO_INCREMENT=18;

--
-- AUTO_INCREMENT for table `outsideagency`
--
ALTER TABLE `outsideagency`
  MODIFY `oa_id` int(8) NOT NULL AUTO_INCREMENT, AUTO_INCREMENT=18;

--
-- AUTO_INCREMENT for table `outsiteservice`
--
ALTER TABLE `outsiteservice`
  MODIFY `out_id` int(11) NOT NULL AUTO_INCREMENT, AUTO_INCREMENT=25;

--
-- AUTO_INCREMENT for table `publicrelations`
--
ALTER TABLE `publicrelations`
  MODIFY `pr_id` int(8) NOT NULL AUTO_INCREMENT, AUTO_INCREMENT=21;

--
-- AUTO_INCREMENT for table `questions`
--
ALTER TABLE `questions`
  MODIFY `id` int(11) NOT NULL AUTO_INCREMENT, AUTO_INCREMENT=7;

--
-- AUTO_INCREMENT for table `screening`
--
ALTER TABLE `screening`
  MODIFY `s_id` int(11) NOT NULL AUTO_INCREMENT, AUTO_INCREMENT=40;

--
-- AUTO_INCREMENT for table `screeningresults`
--
ALTER TABLE `screeningresults`
  MODIFY `sr_id` int(8) NOT NULL AUTO_INCREMENT, AUTO_INCREMENT=53;

--
-- AUTO_INCREMENT for table `specificblood`
--
ALTER TABLE `specificblood`
  MODIFY `sb_id` int(8) NOT NULL AUTO_INCREMENT, AUTO_INCREMENT=31;

--
-- AUTO_INCREMENT for table `specificdonation`
--
ALTER TABLE `specificdonation`
  MODIFY `sd_id` int(8) NOT NULL AUTO_INCREMENT, AUTO_INCREMENT=12;

--
-- AUTO_INCREMENT for table `wholeblood`
--
ALTER TABLE `wholeblood`
  MODIFY `wb_id` int(8) NOT NULL AUTO_INCREMENT, AUTO_INCREMENT=12;

--
-- AUTO_INCREMENT for table `wholedonation`
--
ALTER TABLE `wholedonation`
  MODIFY `wd_id` int(8) NOT NULL AUTO_INCREMENT, AUTO_INCREMENT=28;
COMMIT;

/*!40101 SET CHARACTER_SET_CLIENT=@OLD_CHARACTER_SET_CLIENT */;
/*!40101 SET CHARACTER_SET_RESULTS=@OLD_CHARACTER_SET_RESULTS */;
/*!40101 SET COLLATION_CONNECTION=@OLD_COLLATION_CONNECTION */;
